"Latitude","Longitude","Season","Catch"
-54.1457982772322,-37.0388132801394,2019,56.959109287709
-56.3037057376859,-36.2289950950394,2019,106.381591432728
-62.2255105278021,-61.2456533005602,2019,81.9391108117998
-63.9778083839016,-60.6423858950475,2019,73.6224751453847
-52.6601137913452,-33.7256643304086,2019,83.394653419964
-62.6577993544173,-44.5797201124124,2019,136.889882525429
-63.087589916599,-61.0815549984604,2019,67.0366789447144
-60.9920948474182,-59.4688882466983,2019,131.530753499828
-55.0330083459287,-34.766826647113,2019,130.53916930221
-63.3158997305311,-59.6075493742886,2019,69.1949502332136
-62.0748388785863,-59.7587944779208,2019,111.7479453329
-53.6366983729965,-43.9163763444573,2019,66.3544787326828
-62.8281920650954,-43.2558602153368,2019,64.815620565787
-64.1460681585562,-61.9930230256065,2019,71.315449802205
-52.9743630354504,-35.2359417757243,2019,144.490583101287
-53.1938380691714,-36.7319947480734,2019,109.628498484381
-52.7601193231056,-35.5166884639372,2019,139.586445549503
-60.2892327021332,-45.2611234404205,2019,106.260963785462
-63.6946389841618,-59.9735732857476,2019,115.028058364987
-61.9815549836056,-47.5255783062254,2019,131.669989577495
-61.7514820096705,-47.7499314958652,2019,66.2455508485436
-52.6074043990279,-34.9909518055904,2019,104.595393524505
-56.6567271732487,-46.1570228716162,2019,134.063475974835
-61.9931467186094,-49.961949649332,2019,116.478797327727
-62.4616138396437,-60.1975997868895,2019,96.8783423537388
-63.1167020565131,-62.1631630207931,2019,93.1962058180943
-63.2630275862188,-58.988986725578,2019,96.4252735488117
-64.8034157003634,-59.1075076503738,2019,53.9254334289581
-60.587281875747,-62.1037142927399,2019,61.0680000158027
-55.9740724533695,-34.1601875590144,2019,142.083212500438
-61.348315968643,-61.5776918774214,2019,120.709258085117
-61.8845251088559,-44.3559549445359,2019,141.883723135106
-52.6341234109718,-36.0299379461684,2019,120.407383400016
-63.1167020565131,-62.1631630207931,2019,109.503374504857
-60.3044444691613,-46.81216063076,2019,122.269217763096
-54.5118553463023,-37.4890613605707,2019,143.821208039299
-59.9679296161649,-48.741821971072,2019,127.207526378334
-52.9743630354504,-35.2359417757243,2019,97.7784707210958
-63.8138295989268,-62.0132388853153,2019,55.8054750785232
-53.126468570986,-35.6539183129968,2019,124.993003578857
-52.7601193231056,-35.5166884639372,2019,102.5144002866
-60.355526457115,-58.8573541468107,2019,73.1683929683641
-54.0198707107542,-38.0070519138082,2019,83.4134637378156
-58.272996355616,-46.9072293577017,2019,92.0693658292294
-53.7905564915117,-37.8841714131786,2019,122.150745918043
-53.6652643767233,-36.9755389524499,2019,54.9622663296759
-60.8250705556996,-49.4199062485423,2019,113.171835360117
-54.3021211787706,-36.4867430427726,2019,87.5710987485945
-62.9062601304393,-48.0152820447435,2019,66.5388325462118
-54.8089329358342,-35.3668894709563,2019,131.488546263427
-52.7601193231056,-35.5166884639372,2019,92.5083690788597
-54.1281773491596,-35.9696158283879,2019,117.100339895114
-63.7253445740669,-43.6532305544713,2019,73.1751472922042
-59.4196378561108,-48.0257267026841,2019,122.185669909231
-53.6855910173715,-36.1598737463186,2019,91.0302248317748
-60.9376956427904,-47.4125737103061,2019,130.901570781134
-63.1915734428635,-47.6450566391589,2019,74.1794849280268
-51.3948792993209,-34.3778998780862,2019,110.856302618049
-62.2255105278021,-61.2456533005602,2019,99.210016336292
-54.620455632342,-35.9631868378481,2019,63.7399439467117
-52.6074043990279,-34.9909518055904,2019,143.881557555869
-60.9602208647455,-47.1274380411794,2019,65.5955099966377
-62.9559811629746,-57.9008572207146,2019,79.8424584325403
-61.7958539682508,-59.7009682668686,2019,54.2791060637683
-62.8281920650954,-43.2558602153368,2019,148.599333013408
-55.4082044720368,-37.1742481373598,2019,50.0179540598765
-59.9487850090165,-45.7980499669512,2019,121.54946916271
-60.897624762534,-60.6229478080056,2019,52.7696464443579
-56.3391529957343,-47.0262614523764,2019,73.8864957820624
-63.9778083839016,-60.6423858950475,2019,114.972777548246
-59.5231140251274,-44.9813528069495,2019,136.855445662513
-59.4567871328506,-47.5228872313158,2019,82.0398984942585
-58.272996355616,-46.9072293577017,2019,113.615516969003
-60.4039426327571,-50.1329601484618,2019,93.7076105503365
-55.2077706244249,-34.1654329853356,2019,95.3156593022868
-61.3615690036666,-61.5520021731406,2019,148.065754259005
-63.83172362365,-62.3688824504117,2019,81.5720456652343
-55.2550019764675,-35.5031543407719,2019,120.126419560984
-53.3984779520011,-34.1249941612087,2019,89.0723345335573
-64.9829522068718,-57.6460663638159,2019,146.528682019562
-64.9829522068718,-57.6460663638159,2019,127.922336687334
-60.7305195080641,-60.292486405043,2019,55.8804852189496
-60.9376956427904,-47.4125737103061,2019,87.1917106909677
-63.6988092265788,-59.5228838441156,2019,87.3652603244409
-56.6996171191388,-33.7197005438249,2019,132.248887163587
-53.8649070580867,-37.7902033530109,2019,123.95711527206
-63.6946389841618,-59.9735732857476,2019,136.937178997323
-61.8845251088559,-44.3559549445359,2019,63.0814253585413
-62.5080277887616,-60.3080479443819,2019,95.5603236565366
-59.9487850090165,-45.7980499669512,2019,53.8026741473004
-53.3955117142642,-39.8548452134937,2019,90.3238661587238
-58.1072852506482,-48.837685842506,2019,64.4369599409401
-63.8138295989268,-62.0132388853153,2019,85.0304006366059
-59.3215690458118,-45.3940622243584,2019,71.3100252207369
-63.7253445740669,-43.6532305544713,2019,113.948355172761
-61.3494837524519,-48.3873495935197,2019,122.963006305508
-51.8243498248097,-35.6509141999929,2019,86.7528241593391
-61.8335267684346,-58.3277033057208,2019,121.781882108189
-60.7895023273543,-48.7190617645419,2019,89.8789061233401
-57.4633450476432,-30.5310417799839,2019,63.2464800262824
-54.1281773491596,-35.9696158283879,2019,122.755762282759
-63.7500621013104,-49.7174421145909,2019,51.4565373770893
-60.3044444691613,-46.81216063076,2019,107.601304841228
-52.33276104083,-37.072047474518,2019,100.669583771378
-63.7253445740669,-43.6532305544713,2019,125.937285972759
-63.6739075170489,-56.1492367141393,2019,95.2533092349768
-56.6390504429149,-36.6707669879241,2019,126.457147463225
-63.4981109025649,-57.2944736736445,2019,146.921623055823
-61.0546657785541,-45.1744843823025,2019,98.0223745573312
-60.9818285622041,-45.2141877172789,2019,57.1364890784025
-57.4633450476432,-30.5310417799839,2019,121.762327756733
-61.2394881334875,-62.8491072102404,2019,111.052492214367
-54.5898012401351,-33.6902441178919,2019,77.1626048721373
-53.984611183811,-34.7037914679608,2019,60.7043106341735
-58.1072852506482,-48.837685842506,2019,96.0860978579149
-63.4981109025649,-57.2944736736445,2019,64.958589989692
-54.5118553463023,-37.4890613605707,2019,63.8065311126411
-51.7444309447646,-38.4379356638768,2019,52.2729173535481
-57.2677837457052,-46.5216373077924,2019,118.509718729183
-54.6312639837868,-34.3601479918801,2019,115.161578147672
-55.2290254266905,-35.991206540387,2019,139.139394252561
-54.0198707107542,-38.0070519138082,2019,131.429161969572
-61.4635113692604,-62.6188833637744,2019,126.892469986342
-58.272996355616,-46.9072293577017,2019,92.6579587627202
-53.9644255456378,-34.259468700461,2019,147.711769654416
-55.2290254266905,-35.991206540387,2019,126.670897332951
-61.9551349100939,-61.4356071828528,2019,109.817591239698
-55.4430597886635,-35.3358995742888,2019,67.7774311276153
-60.7299676527671,-45.1610471372655,2019,72.3286255262792
-63.33637550426,-45.0156701891677,2019,93.5739235486835
-63.9778083839016,-60.6423858950475,2019,113.404354290105
-59.7879393693536,-46.180842519994,2019,137.066432321444
-61.5317425896377,-60.0797244387621,2019,81.4265090040863
-55.2077706244249,-34.1654329853356,2019,92.3351580044255
-56.6390504429149,-36.6707669879241,2019,127.453579590656
-64.8034157003634,-59.1075076503738,2019,66.0425542620942
-51.6240003350801,-33.9125500549376,2019,86.2834279658273
-57.5936453064251,-44.657262034794,2019,141.034730267711
-61.1259967347723,-45.0110202724069,2019,127.212176355533
-54.3021211787706,-36.4867430427726,2019,103.629699675366
-51.6240003350801,-33.9125500549376,2019,82.2366746142507
-54.5118553463023,-37.4890613605707,2019,55.6686462135985
-64.9829522068718,-57.6460663638159,2019,77.946229185909
-60.4116136075203,-49.9337936640174,2019,145.727839577012
-57.4801169362105,-47.477799686138,2019,131.259645125829
-52.5795126656445,-35.4499786994362,2019,92.6345771178603
-57.8927111086886,-47.3765964825707,2019,55.821559811011
-57.7057510522235,-46.0161991335807,2019,146.376443142071
-52.2140307408011,-35.3920333790084,2019,136.035918141715
-60.4312859538153,-46.8280988339744,2019,145.214634086005
-61.7519170752001,-44.2129712275394,2019,132.395052188076
-55.208451866084,-38.3831353387672,2019,86.6246154531837
-61.122292616935,-63.8654509156795,2019,149.912105780095
-61.0425234124744,-47.1167356842644,2019,133.676033793017
-63.7253445740669,-43.6532305544713,2019,122.956358361989
-56.0444141944798,-37.9410322562437,2019,112.096694344655
-53.126468570986,-35.6539183129968,2019,141.344619472511
-58.272996355616,-46.9072293577017,2019,115.814955555834
-58.8709559630496,-46.2623869112087,2019,82.5586043298244
-59.5231140251274,-44.9813528069495,2019,137.549797492102
-55.3100613160422,-37.8961642249385,2019,66.9399543665349
-63.5793900666774,-59.7346829464084,2019,149.170103948563
-63.5354307712088,-62.1237156205147,2019,79.989750101231
-62.4325084262922,-59.7405843104932,2019,61.0790159553289
-61.1477062252546,-60.9595379943144,2019,60.8286273665726
-63.5155233090979,-59.4138429979958,2019,129.161442490295
-53.126468570986,-35.6539183129968,2019,70.2261518221349
-58.8782576014538,-49.8802110783686,2019,121.953563624993
-59.6861393143249,-49.1599991105296,2019,80.0081750145182
-53.3048444799197,-37.2604309369391,2019,149.476353777573
-59.3215690458118,-45.3940622243584,2019,125.924039562233
-62.6577993544173,-44.5797201124124,2019,58.6488406872377
-60.9602208647455,-47.1274380411794,2019,89.6117934258655
-59.5231140251274,-44.9813528069495,2019,54.9349876819178
-58.7693302762079,-44.6335512863422,2019,134.974729991518
-54.9358072738968,-38.5684472651353,2019,122.699114470743
-60.355526457115,-58.8573541468107,2019,130.099222785793
-60.809574595307,-59.9921301242559,2019,146.997417509556
-63.9778083839016,-60.6423858950475,2019,124.878669553436
-51.0856713615443,-37.6039364166691,2019,85.0518643623218
-61.7840916992177,-62.1121875029495,2019,124.538236414082
-61.9931467186094,-49.961949649332,2019,66.662933351472
-60.8473318366336,-48.8877133344365,2019,132.117496221326
-60.0264384118137,-47.0647475048371,2019,112.834570417181
-61.1902623224221,-47.1732348286837,2019,87.8545630956069
-61.3615690036666,-61.5520021731406,2019,101.612506061792
-60.9602208647455,-47.1274380411794,2019,94.1217800835148
-53.5113516777838,-36.1846193651812,2019,64.8804625496268
-55.2290254266905,-35.991206540387,2019,93.0821022251621
-59.6861393143249,-49.1599991105296,2019,60.0819637766108
-61.9715420967186,-42.9463167283673,2019,126.284744264558
-63.33637550426,-45.0156701891677,2019,119.494123733602
-54.5898012401351,-33.6902441178919,2019,133.42598893214
-61.6668933431807,-44.2496643572122,2019,145.173721387982
-54.3021211787706,-36.4867430427726,2019,77.92295422405
-63.5155233090979,-59.4138429979958,2019,108.366898098029
-60.7578729007825,-57.0403235710271,2019,125.544829433784
-53.5910606302835,-36.9992855991867,2019,137.424749392085
-63.2630275862188,-58.988986725578,2019,55.8557280804962
-61.3615690036666,-61.5520021731406,2019,84.3152032233775
-63.7500621013104,-49.7174421145909,2020,148.475497006439
-53.4148914020385,-39.3907799234793,2020,83.3448182791471
-58.8709559630496,-46.2623869112087,2020,129.156157234684
-61.9271656622771,-58.4209048378236,2020,96.6863352572545
-62.9847007764856,-61.4046178558738,2020,125.634414423257
-61.0425234124744,-47.1167356842644,2020,85.9265350736678
-52.8186862097988,-35.1111604769729,2020,146.0702852346
-61.2918458233502,-64.3299660307916,2020,73.807098553516
-50.458473240961,-34.2243300171713,2020,51.2654500082135
-61.1827611450589,-48.3381272459347,2020,87.654895731248
-50.0107281547675,-34.6969177669905,2020,69.2368506453931
-56.1949376911083,-37.0116064709657,2020,107.898479793221
-60.6498942682402,-40.8006831652381,2020,143.530160374939
-55.2909469083889,-31.9564319324958,2020,126.489720237441
-50.0107281547675,-34.6969177669905,2020,121.716424077749
-60.9920948474182,-59.4688882466983,2020,128.910652291961
-56.1435566106789,-34.5792281152234,2020,99.9909202568233
-51.7148482989632,-36.116410351646,2020,121.171764424071
-56.1435566106789,-34.5792281152234,2020,54.1487181326374
-61.8175340004411,-45.2122571858329,2020,108.141737594269
-61.4635113692604,-62.6188833637744,2020,80.2974092774093
-61.7514820096705,-47.7499314958652,2020,67.0789420604706
-60.897624762534,-60.6229478080056,2020,125.072047207505
-54.2203205976149,-33.8257590069306,2020,60.6791147496551
-60.9376956427904,-47.4125737103061,2020,131.313472706825
-58.4708225367539,-48.2050469714018,2020,113.1783450488
-61.6444868220963,-58.6901915719326,2020,79.0606936439872
-50.910020324165,-34.8892328619699,2020,56.3532210187986
-59.4567871328506,-47.5228872313158,2020,70.5610274802893
-55.2344095285079,-35.8723812724639,2020,100.069473637268
-64.1460681585562,-61.9930230256065,2020,138.399520376697
-53.246143171136,-36.1719762746393,2020,133.293139585294
-61.9715420967186,-42.9463167283673,2020,64.4182197283953
-59.3215690458118,-45.3940622243584,2020,109.798482456245
-60.6498942682402,-40.8006831652381,2020,76.0609743418172
-60.7305195080641,-60.292486405043,2020,109.154182276689
-59.9487850090165,-45.7980499669512,2020,70.9360863314942
-63.2725401690739,-47.2540740988315,2020,71.8191227642819
-53.9644255456378,-34.259468700461,2020,133.407841762528
-57.2677837457052,-46.5216373077924,2020,127.833789261058
-51.0856713615443,-37.6039364166691,2020,69.9290212942287
-63.800768949816,-47.2556558968794,2020,120.763997151516
-55.208451866084,-38.3831353387672,2020,62.3790044803172
-58.5349694228141,-48.3497458041494,2020,73.7056964309886
-55.0701782768217,-34.8822262436865,2020,104.608823964372
-52.9992390518927,-36.9865441830134,2020,145.194545504637
-52.6452961978652,-35.4685075410992,2020,70.3423909144476
-51.7444309447646,-38.4379356638768,2020,64.6754051558673
-61.7483118802539,-46.4918785351913,2020,109.354913793504
-63.3158997305311,-59.6075493742886,2020,134.817069303244
-61.1477062252546,-60.9595379943144,2020,63.3528768317774
-60.4772378023319,-47.153376245873,2020,92.5718212267384
-60.9364951724103,-50.4155341740254,2020,73.6236969707534
-60.7299676527671,-45.1610471372655,2020,73.7786542391405
-53.9796877731202,-31.7396447480662,2020,131.1479534721
-60.897624762534,-60.6229478080056,2020,96.4612247189507
-53.984611183811,-34.7037914679608,2020,91.3362811552361
-63.087589916599,-61.0815549984604,2020,87.4484419357032
-63.5155233090979,-59.4138429979958,2020,76.039645052515
-60.7895023273543,-48.7190617645419,2020,143.266071286052
-56.3037057376859,-36.2289950950394,2020,138.457784964703
-61.0425234124744,-47.1167356842644,2020,75.0664387829602
-56.6567271732487,-46.1570228716162,2020,123.388744681142
-60.0264384118137,-47.0647475048371,2020,149.867749330588
-52.6452961978652,-35.4685075410992,2020,138.009503763169
-52.6074043990279,-34.9909518055904,2020,54.7437350731343
-59.9679296161649,-48.741821971072,2020,139.918857975863
-54.6523142888897,-40.8071342549598,2020,65.2799929725006
-59.9679296161649,-48.741821971072,2020,115.680218674242
-59.9487850090165,-45.7980499669512,2020,121.807250101119
-52.0604606250634,-39.1550564132484,2020,111.675185034983
-55.2344095285079,-35.8723812724639,2020,88.5251222644001
-53.9311486443606,-37.4868455461531,2020,135.353551991284
-60.8473318366336,-48.8877133344365,2020,109.549494506791
-63.3158997305311,-59.6075493742886,2020,128.231916506775
-61.2918458233502,-64.3299660307916,2020,133.947156043723
-63.4981109025649,-57.2944736736445,2020,141.485583502799
-60.4772378023319,-47.153376245873,2020,67.9363055387512
-61.2394881334875,-62.8491072102404,2020,101.758204447106
-63.6988092265788,-59.5228838441156,2020,92.3966735135764
-57.3502554936502,-48.4568835827616,2020,90.3347988147289
-55.3100613160422,-37.8961642249385,2020,97.7278094505891
-60.4116136075203,-49.9337936640174,2020,129.802461154759
-60.9376956427904,-47.4125737103061,2020,117.545560584404
-53.1475972672998,-38.1479933862742,2020,53.5582112148404
-61.4635113692604,-62.6188833637744,2020,114.941939292476
-63.7253445740669,-43.6532305544713,2020,61.0493912827224
-61.7519170752001,-44.2129712275394,2020,72.9555994970724
-53.6366983729965,-43.9163763444573,2020,94.9121278012171
-62.4616138396437,-60.1975997868895,2020,98.8276924239472
-61.5394089056801,-59.078058350439,2020,57.85791806411
-59.9487850090165,-45.7980499669512,2020,128.810532717034
-61.3868493743499,-60.1231983612842,2020,106.102557084523
-61.1827611450589,-48.3381272459347,2020,60.068655689247
-58.8240972598289,-47.6259999284843,2020,123.776590125635
-53.246143171136,-36.1719762746393,2020,68.9943382982165
-54.2203205976149,-33.8257590069306,2020,110.03030820284
-57.7057510522235,-46.0161991335807,2020,101.581670390442
-59.5046185046847,-45.6926962248642,2020,65.4093265300617
-55.0330083459287,-34.766826647113,2020,73.437786498107
-64.1460681585562,-61.9930230256065,2020,127.145987213589
-60.1256712216518,-60.2943280475565,2020,83.6302980780602
-52.33276104083,-37.072047474518,2020,110.795159451663
-51.6240003350801,-33.9125500549376,2020,102.328730770387
-53.1475972672998,-38.1479933862742,2020,57.0566645590588
-56.7224353832414,-33.2623656337215,2020,115.755732427351
-58.5215672198471,-47.6330804203801,2020,139.396897796541
-51.6240003350801,-33.9125500549376,2020,96.9016211340204
-61.6344628628804,-58.3354142416998,2020,134.330214490183
-63.7485001754344,-59.9293664747278,2020,89.3240578705445
-60.7895023273543,-48.7190617645419,2020,139.511916064657
-55.2909469083889,-31.9564319324958,2020,135.942499991506
-54.9358072738968,-38.5684472651353,2020,60.3046903619543
-60.4039426327571,-50.1329601484618,2020,80.247773299925
-60.7299676527671,-45.1610471372655,2020,89.1059229383245
-54.4330892222502,-35.9640952001244,2020,133.635839470662
-52.5795126656445,-35.4499786994362,2020,95.2268683118746
-61.0425234124744,-47.1167356842644,2020,148.533631698228
-60.7895023273543,-48.7190617645419,2020,132.97562606167
-53.9796877731202,-31.7396447480662,2020,128.391577419825
-62.6106107971358,-59.8385177646574,2020,80.057636834681
-60.9602208647455,-47.1274380411794,2020,114.859941019677
-61.9931467186094,-49.961949649332,2020,90.7517239451408
-62.4616138396437,-60.1975997868895,2020,107.836104882881
-61.1827611450589,-48.3381272459347,2020,113.644308759831
-62.9279488860624,-46.3694189612484,2020,121.795085468329
-60.2892327021332,-45.2611234404205,2020,115.257276245393
-54.3021211787706,-36.4867430427726,2020,114.935160335153
-63.5793900666774,-59.7346829464084,2020,69.2068614298478
-52.5795126656445,-35.4499786994362,2020,77.2722689667717
-63.7500621013104,-49.7174421145909,2020,62.0469673536718
-61.0425234124744,-47.1167356842644,2020,117.640344705433
-60.9364951724103,-50.4155341740254,2020,67.1250352403149
-59.0122587086047,-46.1948666099027,2020,109.848037781194
-53.3984779520011,-34.1249941612087,2020,137.876055995002
-60.0697844849628,-47.8162889352293,2020,108.525723777711
-59.9679296161649,-48.741821971072,2020,120.509786740877
-61.2918458233502,-64.3299660307916,2020,54.8783099744469
-60.7578729007825,-57.0403235710271,2020,119.492573221214
-59.3215690458118,-45.3940622243584,2020,136.196328978986
-58.9786706702754,-47.1995894316515,2020,61.5984008880332
-54.8089329358342,-35.3668894709563,2020,68.7431023223326
-61.3750505249914,-47.2402916147696,2020,119.220269820653
-63.8138295989268,-62.0132388853153,2020,129.564856528305
-52.3390022232401,-34.3562751290914,2020,84.4299274496734
-51.8243498248097,-35.6509141999929,2020,114.682431495748
-51.0856713615443,-37.6039364166691,2020,90.0231548352167
-59.9487850090165,-45.7980499669512,2020,84.0179042890668
-51.7148482989632,-36.116410351646,2020,77.0230228314176
-62.5080277887616,-60.3080479443819,2020,124.4667153107
-52.9080917000018,-38.9688331579022,2020,91.2170112598687
-53.6652643767233,-36.9755389524499,2020,67.1411889838055
-56.2056791604803,-35.873223645174,2020,141.779101500288
-61.9815549836056,-47.5255783062254,2020,56.405269401148
-63.5354307712088,-62.1237156205147,2020,131.626679725014
-62.9559811629746,-57.9008572207146,2020,119.183901790529
-62.3613067878571,-62.8641892747118,2020,58.1009472720325
-51.3948792993209,-34.3778998780862,2020,139.325156575069
-61.2858938662287,-46.6310070433641,2020,63.8263738714159
-58.4708225367539,-48.2050469714018,2020,108.270610775799
-61.122292616935,-63.8654509156795,2020,130.452203727327
-62.9062601304393,-48.0152820447435,2020,66.5565186180174
-61.9931467186094,-49.961949649332,2020,94.7036237921566
-61.1348297499889,-45.3825372387884,2020,61.2112513044849
-61.3282326525548,-62.0254629466625,2020,139.154168940149
-52.0604606250634,-39.1550564132484,2020,111.329969530925
-63.800768949816,-47.2556558968794,2020,109.488087892532
-62.3045871809163,-56.9298692781986,2020,65.436324221082
-63.1185499441492,-59.7865807884682,2020,121.624193433672
-63.7500621013104,-49.7174421145909,2020,101.229580212384
-52.6601137913452,-33.7256643304086,2020,146.212924388237
-59.4591267187378,-48.8840534746778,2020,72.3047547740862
-57.7057510522235,-46.0161991335807,2020,138.307971809991
-63.7485001754344,-59.9293664747278,2020,125.692295702174
-53.3048444799197,-37.2604309369391,2020,107.066067471169
-52.7601193231056,-35.5166884639372,2020,124.04478858225
-60.7895023273543,-48.7190617645419,2020,50.5436534062028
-59.4567871328506,-47.5228872313158,2020,136.153781344183
-60.355526457115,-58.8573541468107,2020,56.0606980929151
-60.9376956427904,-47.4125737103061,2020,127.99816748593
-60.355526457115,-58.8573541468107,2020,142.647761199623
-61.8175340004411,-45.2122571858329,2020,87.6579651841894
-56.5190938292057,-33.6122186503134,2020,116.804563975893
-60.9602208647455,-47.1274380411794,2020,81.310696923174
-54.4330892222502,-35.9640952001244,2020,103.36506087333
-52.0604606250634,-39.1550564132484,2020,124.225446209311
-54.3021211787706,-36.4867430427726,2020,57.8266190132126
-56.1435566106789,-34.5792281152234,2020,95.5426410539076
-55.0330083459287,-34.766826647113,2020,114.533911971375
-62.9847007764856,-61.4046178558738,2020,99.0669002989307
-51.6240003350801,-33.9125500549376,2020,70.3206831589341
-50.910020324165,-34.8892328619699,2020,75.4928648704663
-58.272996355616,-46.9072293577017,2020,109.087098669261
-60.1256712216518,-60.2943280475565,2020,69.5232581347227
-57.3502554936502,-48.4568835827616,2020,58.7011228082702
-59.5231140251274,-44.9813528069495,2020,128.172098170035
-54.620455632342,-35.9631868378481,2020,94.2297301255167
-53.9335026009372,-36.4722992742394,2020,136.247970839031
-61.1002535324801,-42.9661509948127,2020,51.8129366450012
-61.8845251088559,-44.3559549445359,2020,92.8094481118023
-52.6341234109718,-36.0299379461684,2021,85.7959274435416
-59.9679296161649,-48.741821971072,2021,144.3849459989
-60.9376956427904,-47.4125737103061,2021,81.3782402314246
-53.3048444799197,-37.2604309369391,2021,125.950777367689
-53.4460616184867,-37.3934905250975,2021,52.3131819674745
-53.4460616184867,-37.3934905250975,2021,122.959550865926
-64.1846736308653,-56.4773845779578,2021,136.889899009839
-52.6074043990279,-34.9909518055904,2021,105.182137829252
-55.2550019764675,-35.5031543407719,2021,91.201202920638
-63.35597814693,-59.5068835030345,2021,140.413124882616
-53.126468570986,-35.6539183129968,2021,60.1642119931057
-61.1477062252546,-60.9595379943144,2021,130.925762141123
-62.3045871809163,-56.9298692781986,2021,148.303841007873
-63.1479363744765,-48.8102672654274,2021,90.0275800609961
-52.5795126656445,-35.4499786994362,2021,134.304461651482
-54.7961673035776,-36.726389185531,2021,69.8817960219458
-56.8683762530109,-35.812326557169,2021,129.203554987907
-61.7519170752001,-44.2129712275394,2021,81.8597954930738
-61.0425234124744,-47.1167356842644,2021,67.5768345128745
-59.9679296161649,-48.741821971072,2021,99.6996375033632
-55.8110616714892,-39.0356738358426,2021,121.202957490459
-54.0198707107542,-38.0070519138082,2021,84.7844059811905
-52.7601193231056,-35.5166884639372,2021,113.775785965845
-56.6996171191388,-33.7197005438249,2021,82.9274701653048
-63.7500621013104,-49.7174421145909,2021,133.401564788073
-63.9778083839016,-60.6423858950475,2021,65.6891389982775
-60.8250705556996,-49.4199062485423,2021,82.1110246703029
-56.5190938292057,-33.6122186503134,2021,64.2193459207192
-62.9279488860624,-46.3694189612484,2021,72.0214111730456
-54.8089329358342,-35.3668894709563,2021,75.0690269982442
-60.9364951724103,-50.4155341740254,2021,90.5384451150894
-53.4460616184867,-37.3934905250975,2021,63.560949661769
-60.897624762534,-60.6229478080056,2021,118.251311453059
-63.33637550426,-45.0156701891677,2021,146.071971673518
-57.2677837457052,-46.5216373077924,2021,63.4120962582529
-54.5298241330308,-35.2860067086931,2021,114.710751036182
-53.1475972672998,-38.1479933862742,2021,84.64225679636
-56.0333701139666,-35.2868807924476,2021,79.9265737878159
-64.1846736308653,-56.4773845779578,2021,85.2209654636681
-58.8240972598289,-47.6259999284843,2021,65.4263169039041
-62.7491816832552,-46.558765610153,2021,89.1567035345361
-61.2394881334875,-62.8491072102404,2021,92.8029601229355
-54.5898012401351,-33.6902441178919,2021,127.937070815824
-53.984611183811,-34.7037914679608,2021,72.0132101792842
-61.122292616935,-63.8654509156795,2021,101.361029199325
-59.7216813982138,-45.419381338591,2021,135.450496454723
-61.6668933431807,-44.2496643572122,2021,90.8294152701274
-54.6312639837868,-34.3601479918801,2021,110.232712328434
-61.3272172240549,-59.5230387086998,2021,124.183230404742
-64.8034157003634,-59.1075076503738,2021,118.114638491534
-57.2677837457052,-46.5216373077924,2021,102.842869353481
-54.7961673035776,-36.726389185531,2021,115.850214008242
-55.208451866084,-38.3831353387672,2021,109.999342286028
-61.2480230631766,-44.1840461277387,2021,85.0817441008985
-55.2344095285079,-35.8723812724639,2021,60.2463637245819
-62.2255105278021,-61.2456533005602,2021,94.1550927702338
-61.7840916992177,-62.1121875029495,2021,57.0916089462116
-60.8250705556996,-49.4199062485423,2021,123.37379520759
-55.2290254266905,-35.991206540387,2021,70.6186843803152
-53.6652643767233,-36.9755389524499,2021,109.498542756774
-57.8927111086886,-47.3765964825707,2021,95.2754101483151
-61.0889993479766,-49.4723717479179,2021,102.116641867906
-54.5898012401351,-33.6902441178919,2021,73.0966270202771
-56.1424196849242,-35.0768546900236,2021,100.36549041979
-53.5113516777838,-36.1846193651812,2021,72.0886341761798
-53.6366983729965,-43.9163763444573,2021,130.301480204798
-62.6106107971358,-59.8385177646574,2021,106.81456993334
-53.5113516777838,-36.1846193651812,2021,95.3059470281005
-63.3158997305311,-59.6075493742886,2021,115.456651127897
-61.6344628628804,-58.3354142416998,2021,58.1100175622851
-54.1457982772322,-37.0388132801394,2021,60.7315307948738
-62.0321729943156,-45.3761925986853,2021,144.990078033879
-63.451573609395,-58.5304423248852,2021,149.23023362644
-56.7224353832414,-33.2623656337215,2021,83.1496339524165
-56.6567271732487,-46.1570228716162,2021,66.5418315213174
-61.5394089056801,-59.078058350439,2021,120.888315909542
-53.9796877731202,-31.7396447480662,2021,141.804973338731
-60.809574595307,-59.9921301242559,2021,126.292294077575
-53.5910606302835,-36.9992855991867,2021,60.578613425605
-53.9289979514414,-36.3619867759344,2021,105.840501002967
-51.7148482989632,-36.116410351646,2021,141.277675353922
-59.0122587086047,-46.1948666099027,2021,106.874644011259
-56.6567271732487,-46.1570228716162,2021,93.1542705977336
-61.3282326525548,-62.0254629466625,2021,65.037661138922
-60.8473318366336,-48.8877133344365,2021,86.7721155984327
-63.451573609395,-58.5304423248852,2021,117.969249864109
-60.1019488281962,-51.2784467043302,2021,98.5285315429792
-59.5046185046847,-45.6926962248642,2021,50.9848785586655
-56.3391529957343,-47.0262614523764,2021,64.8755082627758
-62.9847007764856,-61.4046178558738,2021,77.9247450409457
-58.7420908625754,-48.7667922011592,2021,117.669284506701
-63.9778083839016,-60.6423858950475,2021,96.8005534494296
-61.5317425896377,-60.0797244387621,2021,109.444077708758
-57.4633450476432,-30.5310417799839,2021,144.258871651255
-61.7039771514425,-55.5064200269308,2021,71.3221724610776
-61.8845251088559,-44.3559549445359,2021,148.320923536085
-53.5113516777838,-36.1846193651812,2021,143.527749553323
-53.3955117142642,-39.8548452134937,2021,104.750412260182
-58.8782576014538,-49.8802110783686,2021,73.3349648537114
-54.6523142888897,-40.8071342549598,2021,131.683149910532
-61.3494837524519,-48.3873495935197,2021,119.707614276558
-51.6240003350801,-33.9125500549376,2021,121.792468708009
-56.1949376911083,-37.0116064709657,2021,50.1541754696518
-62.3613067878571,-62.8641892747118,2021,110.42197344359
-52.7601193231056,-35.5166884639372,2021,121.958233905025
-60.4312859538153,-46.8280988339744,2021,123.019492533058
-51.0856713615443,-37.6039364166691,2021,144.99576119706
-59.3215690458118,-45.3940622243584,2021,104.664135258645
-60.9364951724103,-50.4155341740254,2021,117.813051748089
-59.3215690458118,-45.3940622243584,2021,52.5679702404886
-55.6518006142188,-37.5213832791875,2021,105.146572995
-63.7253445740669,-43.6532305544713,2021,138.959882990457
-51.7148482989632,-36.116410351646,2021,126.783012761734
-54.4330892222502,-35.9640952001244,2021,100.825086468831
-60.920727654612,-59.199684114734,2021,84.2648344812915
-61.0889993479766,-49.4723717479179,2021,89.9316211929545
-59.6861393143249,-49.1599991105296,2021,70.0459842337295
-53.7905564915117,-37.8841714131786,2021,60.0286962464452
-61.348315968643,-61.5776918774214,2021,141.48865416646
-53.126468570986,-35.6539183129968,2021,122.256394824944
-53.1938380691714,-36.7319947480734,2021,95.032317424193
-63.4981109025649,-57.2944736736445,2021,111.456069280393
-56.0333701139666,-35.2868807924476,2021,72.3009674111381
-61.5394089056801,-59.078058350439,2021,103.055079863407
-63.1479363744765,-48.8102672654274,2021,53.4052966395393
-53.9644255456378,-34.259468700461,2021,110.649067233317
-53.3955117142642,-39.8548452134937,2021,54.9077616073191
-62.9062601304393,-48.0152820447435,2021,55.6846849154681
-53.6652643767233,-36.9755389524499,2021,100.53531921003
-59.4196378561108,-48.0257267026841,2021,120.573945133947
-63.1479363744765,-48.8102672654274,2021,78.3497368684039
-59.6070638437928,-48.5579694465308,2021,108.062475733459
-62.9062601304393,-48.0152820447435,2021,131.76675774157
-54.3021211787706,-36.4867430427726,2021,68.8978990074247
-60.0264384118137,-47.0647475048371,2021,55.457131145522
-55.4430597886635,-35.3358995742888,2021,147.719064960256
-54.079767487774,-38.7179725375281,2021,103.24547807686
-62.9062601304393,-48.0152820447435,2021,128.931585606188
-62.2717407587929,-61.6923722171476,2021,92.512409761548
-60.5615869567866,-46.7003027695921,2021,56.5232900902629
-63.5354307712088,-62.1237156205147,2021,143.096466432326
-55.2909469083889,-31.9564319324958,2021,63.7090673437342
-60.9602208647455,-47.1274380411794,2021,124.635185557418
-63.5155233090979,-59.4138429979958,2021,100.888510677032
-53.4460616184867,-37.3934905250975,2021,139.960847701877
-55.2909469083889,-31.9564319324958,2021,115.814823005348
-61.9551349100939,-61.4356071828528,2021,72.6526238024235
-55.2344095285079,-35.8723812724639,2021,85.8519683592021
-61.9551349100939,-61.4356071828528,2021,148.872066056356
-62.2255105278021,-61.2456533005602,2021,103.000358701684
-57.8927111086886,-47.3765964825707,2021,59.6066383644938
-63.5354307712088,-62.1237156205147,2021,94.9848080985248
-56.0333701139666,-35.2868807924476,2021,68.5910627711564
-50.910020324165,-34.8892328619699,2021,98.9559930516407
-58.1072852506482,-48.837685842506,2021,93.0369121022522
-55.4082044720368,-37.1742481373598,2021,141.147575154901
-55.2909469083889,-31.9564319324958,2021,60.2049630600959
-62.4965607761255,-46.2841136710105,2021,74.3768002372235
-53.9796877731202,-31.7396447480662,2021,129.581715562381
-62.2717407587929,-61.6923722171476,2021,125.073561561294
-55.6518006142188,-37.5213832791875,2021,117.931901966222
-63.7253445740669,-43.6532305544713,2021,62.00316993054
-59.4567871328506,-47.5228872313158,2021,107.485517114401
-59.9487850090165,-45.7980499669512,2021,55.124915484339
-61.3282326525548,-62.0254629466625,2021,107.076129782945
-59.6861393143249,-49.1599991105296,2021,109.664543345571
-62.7005599387718,-46.3663453254962,2021,129.152504471131
-57.3502554936502,-48.4568835827616,2021,59.6774344565347
-61.0889993479766,-49.4723717479179,2021,69.9708646396175
-59.6070638437928,-48.5579694465308,2021,114.027253957465
-61.6444868220963,-58.6901915719326,2021,145.134900696576
-53.7007935987354,-35.0465420346935,2021,104.825125704519
-63.8498305771649,-44.630198866342,2021,88.4358240291476
-61.1259967347723,-45.0110202724069,2021,73.2689975760877
-50.0107281547675,-34.6969177669905,2021,87.3008389025927
-62.4965607761255,-46.2841136710105,2021,78.4375030780211
-52.6074043990279,-34.9909518055904,2021,61.5882599027827
-63.9778083839016,-60.6423858950475,2021,57.6827254379168
-62.9062601304393,-48.0152820447435,2021,72.3909097025171
-61.2918458233502,-64.3299660307916,2021,76.8213400151581
-60.7299676527671,-45.1610471372655,2021,111.456981138326
-64.5866526579519,-63.5297287087891,2021,145.296678785235
-61.8175340004411,-45.2122571858329,2021,111.089307325892
-55.2344095285079,-35.8723812724639,2021,105.043073254637
-52.0604606250634,-39.1550564132484,2021,57.5506103457883
-58.8709559630496,-46.2623869112087,2021,146.286477893591
-59.7216813982138,-45.419381338591,2021,145.961491740309
-60.4116136075203,-49.9337936640174,2021,136.188394972123
-60.1256712216518,-60.2943280475565,2021,134.857218060642
-58.8782576014538,-49.8802110783686,2021,140.536744263954
-61.7958539682508,-59.7009682668686,2021,78.321842639707
-63.6988092265788,-59.5228838441156,2021,123.875077208504
-62.5414391217295,-57.7168121986465,2021,138.455564761534
-58.5215672198471,-47.6330804203801,2021,129.005151498131
-55.794200248324,-37.9708255582174,2021,117.077178740874
-62.4616138396437,-60.1975997868895,2021,72.1403494477272
-57.2677837457052,-46.5216373077924,2021,116.738855862059
-55.9740724533695,-34.1601875590144,2021,106.628226279281
-52.9080917000018,-38.9688331579022,2021,66.1326159490272
-61.1902623224221,-47.1732348286837,2021,119.583913148381
-53.9644255456378,-34.259468700461,2022,139.870445406996
-60.4772378023319,-47.153376245873,2022,77.0098244072869
-51.6240003350801,-33.9125500549376,2022,105.028664600104
-62.9847007764856,-61.4046178558738,2022,68.6535248532891
-52.3390022232401,-34.3562751290914,2022,84.2399549903348
-58.8240972598289,-47.6259999284843,2022,74.4705507298931
-60.7578729007825,-57.0403235710271,2022,139.585032407194
-58.1072852506482,-48.837685842506,2022,103.064899239689
-52.5795126656445,-35.4499786994362,2022,74.1373221389949
-50.910020324165,-34.8892328619699,2022,92.102047149092
-51.7148482989632,-36.116410351646,2022,131.131953117438
-64.5866526579519,-63.5297287087891,2022,71.7569703003392
-56.2056791604803,-35.873223645174,2022,120.807058806531
-61.2394881334875,-62.8491072102404,2022,71.0771211888641
-64.0667909683096,-63.1669095475712,2022,81.1957583064213
-59.9487850090165,-45.7980499669512,2022,108.30244042445
-63.7485001754344,-59.9293664747278,2022,63.8140790630132
-62.5966423520813,-58.9530476840609,2022,82.9034964786842
-52.6074043990279,-34.9909518055904,2022,54.9425627570599
-59.4567871328506,-47.5228872313158,2022,90.9358613193035
-59.4567871328506,-47.5228872313158,2022,137.116868165322
-52.6601137913452,-33.7256643304086,2022,106.935750320554
-58.1072852506482,-48.837685842506,2022,64.0115290880203
-63.7253445740669,-43.6532305544713,2022,55.2060921443626
-61.7514820096705,-47.7499314958652,2022,116.563727241009
-61.1348297499889,-45.3825372387884,2022,146.987103112042
-63.35597814693,-59.5068835030345,2022,124.839939456433
-63.8498305771649,-44.630198866342,2022,84.2395508429036
-56.3391529957343,-47.0262614523764,2022,59.3446447746828
-61.8335267684346,-58.3277033057208,2022,63.0698435008526
-63.087589916599,-61.0815549984604,2022,91.7892099590972
-59.0122587086047,-46.1948666099027,2022,59.5056731253862
-52.6601137913452,-33.7256643304086,2022,85.6334895361215
-61.7840916992177,-62.1121875029495,2022,84.4226214801893
-52.2140307408011,-35.3920333790084,2022,101.709303888492
-60.9602208647455,-47.1274380411794,2022,83.4000190952793
-62.9847007764856,-61.4046178558738,2022,77.2618499118835
-59.9679296161649,-48.741821971072,2022,128.014771640301
-53.4148914020385,-39.3907799234793,2022,125.906569301151
-53.5910606302835,-36.9992855991867,2022,53.0437615001574
-57.7057510522235,-46.0161991335807,2022,99.6802790090442
-55.0330083459287,-34.766826647113,2022,72.2706495551392
-53.6366983729965,-43.9163763444573,2022,71.9024273566902
-57.7057510522235,-46.0161991335807,2022,125.05972138606
-53.7905564915117,-37.8841714131786,2022,100.564357428811
-53.5910606302835,-36.9992855991867,2022,51.7034813994542
-56.8683762530109,-35.812326557169,2022,112.459698622115
-60.9376956427904,-47.4125737103061,2022,89.6415195427835
-61.0546657785541,-45.1744843823025,2022,147.989558498375
-52.6452961978652,-35.4685075410992,2022,136.268684943207
-60.7299676527671,-45.1610471372655,2022,103.224539407529
-53.246143171136,-36.1719762746393,2022,85.1859012851492
-52.6601137913452,-33.7256643304086,2022,116.957870894112
-59.9487850090165,-45.7980499669512,2022,55.5768770631403
-60.2892327021332,-45.2611234404205,2022,119.641780038364
-54.1457982772322,-37.0388132801394,2022,113.840394443832
-59.3215690458118,-45.3940622243584,2022,92.3741908045486
-53.3048444799197,-37.2604309369391,2022,79.4685581233352
-58.8782576014538,-49.8802110783686,2022,54.3640177464113
-60.4312859538153,-46.8280988339744,2022,80.8051445288584
-53.4148914020385,-39.3907799234793,2022,118.71609329246
-59.5046185046847,-45.6926962248642,2022,142.371638119221
-63.3158997305311,-59.6075493742886,2022,127.337822527625
-60.8250705556996,-49.4199062485423,2022,108.042017486878
-62.5966423520813,-58.9530476840609,2022,100.585917360149
-63.8138295989268,-62.0132388853153,2022,58.05965422187
-59.9487850090165,-45.7980499669512,2022,77.4409567005932
-52.6074043990279,-34.9909518055904,2022,104.245057003573
-59.4567871328506,-47.5228872313158,2022,145.029849815182
-61.4635113692604,-62.6188833637744,2022,56.4688647398725
-60.0697844849628,-47.8162889352293,2022,124.272340210155
-60.0264384118137,-47.0647475048371,2022,73.4129038639367
-62.533348825913,-58.5167162824255,2022,72.7927883854136
-53.9311486443606,-37.4868455461531,2022,113.282161788084
-55.2909469083889,-31.9564319324958,2022,145.967997168191
-61.5394089056801,-59.078058350439,2022,148.554536979645
-50.458473240961,-34.2243300171713,2022,65.6767809996381
-62.6577993544173,-44.5797201124124,2022,68.1555556831881
-53.3048444799197,-37.2604309369391,2022,60.7765102060512
-53.3955117142642,-39.8548452134937,2022,137.188237416558
-62.7491816832552,-46.558765610153,2022,66.2857618415728
-58.5215672198471,-47.6330804203801,2022,65.5205300776288
-60.1256712216518,-60.2943280475565,2022,100.031925179064
-61.3868493743499,-60.1231983612842,2022,78.4787427168339
-60.920727654612,-59.199684114734,2022,149.503442645073
-62.5414391217295,-57.7168121986465,2022,82.6926618348807
-56.6996171191388,-33.7197005438249,2022,117.174114845693
-55.9740724533695,-34.1601875590144,2022,132.926374394447
-55.0701782768217,-34.8822262436865,2022,67.6225191215053
-51.6289460243305,-34.2550639273013,2022,147.203552303836
-52.2140307408011,-35.3920333790084,2022,70.8814865676686
-59.3215690458118,-45.3940622243584,2022,98.6323338001966
-52.6601137913452,-33.7256643304086,2022,83.168388903141
-61.2918458233502,-64.3299660307916,2022,85.1253533503041
-60.4772378023319,-47.153376245873,2022,61.5345774684101
-54.8089329358342,-35.3668894709563,2022,106.910411943682
-59.4196378561108,-48.0257267026841,2022,100.892257154919
-55.3100613160422,-37.8961642249385,2022,50.6506318924949
-55.2344095285079,-35.8723812724639,2022,88.5054493555799
-61.3272172240549,-59.5230387086998,2022,55.029554083012
-60.7299676527671,-45.1610471372655,2022,147.778699407354
-61.3868493743499,-60.1231983612842,2022,114.933807495981
-61.9815549836056,-47.5255783062254,2022,133.819314977154
-61.4635113692604,-62.6188833637744,2022,103.902364778332
-61.6444868220963,-58.6901915719326,2022,86.6046666400507
-52.7601193231056,-35.5166884639372,2022,88.6584884487092
-59.3215690458118,-45.3940622243584,2022,65.0130112888291
-51.8243498248097,-35.6509141999929,2022,50.6445698440075
-60.7974381762121,-49.9515098156781,2022,60.8973510796204
-61.3494837524519,-48.3873495935197,2022,124.852663232014
-55.2909469083889,-31.9564319324958,2022,96.7676714994013
-63.6739075170489,-56.1492367141393,2022,65.1547273853794
-53.5113516777838,-36.1846193651812,2022,148.000179207884
-59.6070638437928,-48.5579694465308,2022,97.4572161445394
-52.7601193231056,-35.5166884639372,2022,125.69258660078
-56.0444141944798,-37.9410322562437,2022,101.284038671292
-63.6739075170489,-56.1492367141393,2022,102.185886004008
-63.8498305771649,-44.630198866342,2022,117.37780419644
-52.33276104083,-37.072047474518,2022,123.852571914904
-61.6444868220963,-58.6901915719326,2022,123.615773511119
-53.9289979514414,-36.3619867759344,2022,127.221345948055
-61.9271656622771,-58.4209048378236,2022,121.56270800624
-53.7905564915117,-37.8841714131786,2022,66.0723367473111
-55.9260998090675,-36.6955903313537,2022,64.0355051262304
-61.9931467186094,-49.961949649332,2022,86.7773633217439
-63.5793900666774,-59.7346829464084,2022,110.971625777893
-53.6855910173715,-36.1598737463186,2022,94.2639759043232
-59.4567871328506,-47.5228872313158,2022,123.496075975709
-61.7958539682508,-59.7009682668686,2022,62.4052257277071
-61.9815549836056,-47.5255783062254,2022,54.1253566043451
-53.1938380691714,-36.7319947480734,2022,91.505815112032
-63.2630275862188,-58.988986725578,2022,106.422095396556
-60.8473318366336,-48.8877133344365,2022,142.136285454035
-62.2255105278021,-61.2456533005602,2022,122.608739719726
-55.794200248324,-37.9708255582174,2022,113.791457307525
-61.1477062252546,-60.9595379943144,2022,68.0635184282437
-52.8186862097988,-35.1111604769729,2022,134.382478939369
-56.0444141944798,-37.9410322562437,2022,59.176599024795
-61.7840916992177,-62.1121875029495,2022,61.4417804172263
-64.9829522068718,-57.6460663638159,2022,59.7277558874339
-62.9847007764856,-61.4046178558738,2022,144.83795997221
-52.9080917000018,-38.9688331579022,2022,145.804306399077
-60.8473318366336,-48.8877133344365,2022,136.36766592972
-59.4567871328506,-47.5228872313158,2022,134.829496429302
-59.9487850090165,-45.7980499669512,2022,51.5856345416978
-55.2290254266905,-35.991206540387,2022,51.3490693643689
-55.2344095285079,-35.8723812724639,2022,145.140221249312
-62.8281920650954,-43.2558602153368,2022,88.1204084260389
-59.4567871328506,-47.5228872313158,2022,73.5120543045923
-62.9062601304393,-48.0152820447435,2022,98.463448183611
-58.7420908625754,-48.7667922011592,2022,127.828764007427
-60.1256712216518,-60.2943280475565,2022,125.331931188703
-51.3948792993209,-34.3778998780862,2022,122.469667345285
-55.3100613160422,-37.8961642249385,2022,79.7584955580533
-61.1002535324801,-42.9661509948127,2022,53.3898708876222
-62.2717407587929,-61.6923722171476,2022,61.232736101374
-54.3021211787706,-36.4867430427726,2022,123.749393620528
-53.5113516777838,-36.1846193651812,2022,142.439467995428
-53.9289979514414,-36.3619867759344,2022,51.1531366501004
-58.8240972598289,-47.6259999284843,2022,139.286593860015
-61.9715420967186,-42.9463167283673,2022,107.846135110594
-61.4635113692604,-62.6188833637744,2022,143.445945670828
-62.51626585793,-48.8613127858937,2022,116.811345424503
-54.079767487774,-38.7179725375281,2022,134.048867831007
-54.3021211787706,-36.4867430427726,2022,87.488126475364
-63.35597814693,-59.5068835030345,2022,121.977760340087
-61.9715420967186,-42.9463167283673,2022,54.8468774417415
-56.8683762530109,-35.812326557169,2022,84.5850252080709
-62.5779613981399,-59.0707980157551,2022,98.5257818829268
-52.9080917000018,-38.9688331579022,2022,64.733041333966
-54.1281773491596,-35.9696158283879,2022,132.119051134214
-56.5190938292057,-33.6122186503134,2022,106.687288195826
-51.8243498248097,-35.6509141999929,2022,55.9062228072435
-53.9311486443606,-37.4868455461531,2022,148.188520339318
-54.5298241330308,-35.2860067086931,2022,98.0887146200985
-61.4635113692604,-62.6188833637744,2022,124.961911118589
-52.9743630354504,-35.2359417757243,2022,58.1525803543627
-56.0333701139666,-35.2868807924476,2022,74.5315498672426
-60.809574595307,-59.9921301242559,2022,79.5525913126767
-50.0107281547675,-34.6969177669905,2022,145.025632018223
-63.8851903632569,-56.2765354757713,2022,149.095582449809
-60.5615869567866,-46.7003027695921,2022,60.2673157816753
-54.620455632342,-35.9631868378481,2022,130.108769726939
-62.5045000643983,-60.3869330113229,2022,121.992198238149
-63.6988092265788,-59.5228838441156,2022,139.323134138249
-59.4567871328506,-47.5228872313158,2022,125.21284443792
-63.9087377515569,-44.8251207486398,2022,127.714181668125
-57.2677837457052,-46.5216373077924,2022,106.226162891835
-53.4460616184867,-37.3934905250975,2022,83.8258770061657
-60.7299676527671,-45.1610471372655,2022,76.038666954264
-58.8782576014538,-49.8802110783686,2022,113.076475798152
-59.4196378561108,-48.0257267026841,2022,123.122906102799
-51.6289460243305,-34.2550639273013,2022,137.599525880069
-62.3613067878571,-62.8641892747118,2022,113.219515909441
-61.8335267684346,-58.3277033057208,2022,78.5166933666915
-58.1072852506482,-48.837685842506,2022,60.8298050239682
-61.122292616935,-63.8654509156795,2022,72.3904702113941
-54.6523142888897,-40.8071342549598,2022,87.4996129889041
-55.8110616714892,-39.0356738358426,2022,89.6155087044463
-55.2344095285079,-35.8723812724639,2022,74.3916159961373
